192.168.13.104,timesheet.allette.com.au
192.168.200.247,registry-sandbox.allette.com.au
192.168.200.229,analytics.allette.com.au
192.168.20.29,lab.wipdoc.allette.com.au
192.168.13.18,exim.allette.com.au
192.168.200.24,converter.timebase.allette.com.au
192.168.200.2,gateway.allette.com.au
192.168.7.1,gatewaysy4.allette.com.au
192.168.13.5,registry-gitlab.allette.com.au
192.168.13.31,guildlink.allette.com.au
192.168.200.32,hg.eliot.allette.com.au
192.168.200.154,icinga.allette.com.au
192.168.200.217,imgop.allette.com.au
192.168.200.100,pc43q.ad.allette.com.au
192.168.200.16,closedloop.allette.com.au
192.168.200.210,postgresql.allette.com.au
192.168.200.21,doc.allette.com.au
192.168.200.144,ps-staging.allette.com.au
192.168.200.246,rancher.allette.com.au
192.168.13.100,k8s-proxy-rancher-sy4.allette.com.au
192.168.200.157,secret.ad.allette.com.au
192.168.13.22,smtp.allette.com.au
192.168.2.239,video.allette.com.au
192.168.200.155,icinga-clone.allette.com.au
192.168.200.216,nonzero.com.au
192.168.200.159,demomaster.weborganic.com.au
192.168.200.28,doc.oxford.allette.com.au
192.168.7.5,ndc5.ad.allette.com.au
192.168.200.23,ndc1.ad.allette.com.au
192.168.7.4,ndc4.ad.allette.com.au
192.168.200.234,pyr-storage-01.ad.allette.com.au.ad.allette.com.au
192.168.200.42,backupnas.ad.allette.com.au
192.168.2.194,brendan-laptop.ad.allette.com.au
192.168.200.63,desktop-28ie4dc.ad.allette.com.au
192.168.200.221,desktop-g4ppliv.ad.allette.com.au
192.168.200.92,desktop-ivtdck4.ad.allette.com.au
192.168.200.202,desktop-uv2lt0p.ad.allette.com.au
192.168.7.100,pbs-windows.ad.allette.com.au
192.168.3.10,forestdnszones.ad.allette.com.au
192.168.3.7,forestdnszones.ad.allette.com.au
192.168.7.22,forestdnszones.ad.allette.com.au
192.168.200.91,h30.ad.allette.com.au
192.168.200.75,pc44s.ad.allette.com.au
192.168.200.61,nick-pc.ad.allette.com.au
192.168.200.86,pc41y.ad.allette.com.au
192.168.200.97,clauret.allette.com.au
192.168.200.71,pc43l.ad.allette.com.au
192.168.200.90,pc43v.ad.allette.com.au
192.168.200.88,pc447.ad.allette.com.au
192.168.200.84,pc44c.ad.allette.com.au
192.168.200.73,pc44k.ad.allette.com.au
192.168.200.60,pc44t.ad.allette.com.au
192.168.200.82,pc62.ad.allette.com.au
192.168.200.65,pc6c6w.ad.allette.com.au
192.168.200.72,pc72.ad.allette.com.au
192.168.200.80,pc91.ad.allette.com.au
192.168.200.94,peter-laptop.ad.allette.com.au
192.168.2.195,philip-pc.ad.allette.com.au
192.168.13.202,server-network.ad.allette.com.au
192.168.200.43,servernas.ad.allette.com.au
192.168.200.254,switch_main-network.ad.allette.com.au
192.168.200.253,switch_server-rack.ad.allette.com.au
192.168.200.40,usernas.ad.allette.com.au
192.168.200.44,win-bkp-server.ad.allette.com.au
192.168.200.5,xen6.ad.allette.com.au
192.168.200.7,xen6-2.ad.allette.com.au
192.168.200.205,xenbackup.ad.allette.com.au
192.168.200.215,ansible.allette.com.au
192.168.7.13,ansiblesy4.allette.com.au
192.168.200.212,apcb88481.allette.com.au
192.168.200.22,api.allette.com.au
192.168.200.153,backup.allette.com.au
192.168.200.19,carpa-dev.allette.com.au
192.168.200.8,copier.allette.com.au
192.168.21.16,m1.docker.allette.com.au
192.168.21.17,m2.docker.allette.com.au
192.168.21.18,n1.docker.allette.com.au
192.168.21.19,n2.docker.allette.com.au
192.168.8.14,rancherprod1.docker.allette.com.au
192.168.8.12,rancherprod2.docker.allette.com.au
192.168.3.11,rancherprod3.docker.allette.com.au
192.168.8.10,rancherserver.docker.allette.com.au
192.168.20.207,esx39-ilo.allette.com.au
192.168.200.3,gateway2.allette.com.au
192.168.200.218,graylog.allette.com.au
192.168.20.31,graylog-dev.allette.com.au
192.168.7.15,elk.iv.allette.com.au
192.168.200.245,xen6-ilo.allette.com.au
192.168.200.219,ilocn71440fjt.allette.com.au
192.168.200.230,ilosgh242ebnm.allette.com.au
192.168.12.25,db.sy4.allette.com.au
192.168.12.11,db1.sy4.allette.com.au
192.168.13.6,jenkins.allette.com.au
192.168.13.105,k8s-production-sy4-controlplane-1.allette.com.au
192.168.13.106,k8s-production-sy4-controlplane-2.allette.com.au
192.168.13.107,k8s-production-sy4-etcd-1.allette.com.au
192.168.13.108,k8s-production-sy4-etcd-2.allette.com.au
192.168.13.109,k8s-production-sy4-etcd-3.allette.com.au
192.168.13.110,k8s-production-sy4-worker-1.allette.com.au
192.168.13.111,k8s-production-sy4-worker-2.allette.com.au
192.168.13.112,k8s-production-sy4-worker-3.allette.com.au
192.168.8.191,k8s-rancher-n1.allette.com.au
192.168.8.192,k8s-rancher-n2.allette.com.au
192.168.8.193,k8s-rancher-n3.allette.com.au
192.168.13.99,k8s-rancher-sy4-controller.allette.com.au
192.168.13.101,k8s-rancher-sy4-n1.allette.com.au
192.168.13.102,k8s-rancher-sy4-n2.allette.com.au
192.168.13.103,k8s-rancher-sy4-n3.allette.com.au
192.168.200.239,ps-test.pageseeder.com
192.168.200.31,natspec-dev.allette.com.au
192.168.21.11,mail.allette.com.au
192.168.3.149,mediclaim.allette.com.au
192.168.13.9,millie.allette.com.au
192.168.200.233,mysql8.allette.com.au
192.168.3.162,author.natspec.allette.com.au
192.168.3.163,pageseeder.natspec.allette.com.au
192.168.200.162,netbox.allette.com.au
192.168.200.18,sonar.allette.com.au
192.168.200.152,sftp.oxford.allette.com.au
192.168.200.25,paper.wipdoc.allette.com.au
192.168.7.107,ps-benchmark.allette.com.au
192.168.200.240,ps-build.allette.com.au
192.168.200.45,pyr-storage-01.allette.com.au
192.168.200.46,pyr-storage-02.allette.com.au
192.168.7.113,rancher-controller-sy4.allette.com.au
192.168.8.199,rancher2-controller.allette.com.au
192.168.8.131,rancher2-sandbox-controlplane-1.allette.com.au
192.168.8.132,rancher2-sandbox-controlplane-2.allette.com.au
192.168.8.121,rancher2-sandbox-etcd-1.allette.com.au
192.168.8.122,rancher2-sandbox-etcd-2.allette.com.au
192.168.8.123,rancher2-sandbox-etcd-3.allette.com.au
192.168.8.111,rancher2-sandbox-worker-1.allette.com.au
192.168.8.112,rancher2-sandbox-worker-2.allette.com.au
192.168.8.113,rancher2-sandbox-worker-3.allette.com.au
192.168.3.153,staging.rphcm.allette.com.au
192.168.21.10,spacewalk.allette.com.au
192.168.7.106,controlplane-1.staging.k8s.sy4.allette.com.au
192.168.7.117,controlplane-2.staging.k8s.sy4.allette.com.au
192.168.7.109,worker-1.staging.k8s.sy4.allette.com.au
192.168.7.116,worker-2.staging.k8s.sy4.allette.com.au
192.168.7.118,worker-3.staging.k8s.sy4.allette.com.au
192.168.6.1,gateway.mgt.sy4.allette.com.au
192.168.6.2,gateway1.mgt.sy4.allette.com.au
192.168.6.3,gateway2.mgt.sy4.allette.com.au
192.168.7.8,xcp1.sy4.allette.com.au
192.168.7.9,xcp2.sy4.allette.com.au
192.168.7.10,xcp3.sy4.allette.com.au
192.168.7.11,xcp4.sy4.allette.com.au
192.168.7.6,xosy4.allette.com.au
192.168.6.50,sy4-storage-01.allette.com.au
192.168.14.200,sy4-storage-02.allette.com.au
192.168.14.3,sy4-storage-03.allette.com.au
192.168.20.199,xo.allette.com.au
